classificacaoId;nome_area;texto
0;economia;"Desemprego cai a 7,7% em setembro, com recorde de trabalhadores ocupados no país, diz IBGE"
0;economia;"Com 8,3 milhões de desempregados, taxa de desemprego é a menor registrada no país desde fevereiro de 2015. Emprego com carteira assinada foi o que mais cresceu este ano."
0;economia;"O mercado de trabalho no Brasil registra recorde histórico de trabalhadores ocupados e, consequentemente, o patamar mais baixo de desemprego em quase uma década. É o que apontam os dados da Pesquisa Nacional por Amostra de Domicílios (PNAD) Contínua, divulgada nesta terça-feira (31) pelo Instituto Brasileiro de Geografia e Estatística (IBGE)."
0;economia;"De acordo com o levantamento, o país encerrou o trimestre terminado em setembro com taxa de desemprego em 7,7% - patamar mais baixo registrado desde o trimestre terminado em fevereiro de 2015. Em números absolutos, o desemprego atingia 8,3 milhões de brasileiros, cerca de 100 mil a menos na comparação com o trimestre imediatamente anterior, terminado em junho deste ano, e 1,1 milhão a menos que o registrado em setembro do ano passado, o que corresponde a uma queda de 3,8% no trimestre e de 12,1% no ano."
0;economia;"Segundo a pesquisadora, o grande destaque do levantamento é o aumento do trabalho formal no país. Na comparação com o trimestre terminado em junho, a ocupação no mercado de trabalho avançou 0,9%. Em números absolutos, isso corresponde a quase 1 milhão (929 mil) pessoas a mais trabalhando no país, sendo que mais da metade (587 mil) foi contratada com carteira de trabalho assinada. Isso fez com que a expansão da ocupação formal fosse muito maior que a da informal. Não que a informalidade tenha caído. Chegamos a 39 milhões de pessoas trabalhando na informalidade, o que é um contingente significativo, destacou Adriana. Em números absolutos, o mercado de trabalho absorveu 631 mil trabalhadores formais e 299 mil informais no trimestre. A taxa de informalidade chegou a 39,1%, ficando estável na comparação trimestral."
0;economia;"De acordo com o IBGE, dentre os dez setores econômicos analisados pela pesquisa, na comparação trimestral, o único que registrou aumento significativo no número de ocupados foi o de informação, comunicação e atividades financeiras, imobiliárias, profissionais e administrativas, que absorveu 420 mil trabalhadores."
0;economia;"O rendimento médio real no país foi estimado em R$ 2.982 em setembro. De acordo com o IBGE, considerando os efeitos da inflação no período, houve ganho real para o trabalhador brasileiro. Na comparação trimestral, o aumento no rendimento médio foi de R$ 49, enquanto no ano chegou a R$ 120, valores que correspondem a uma alta de, respectivamente, 1,7% no trimestre e 4,2% no ano."
0;economia;"Segundo a coordenadora da Pnad, o aumento do rendimento médio partiu dos empregados com carteira no setor privado, empregados no setor público e trabalhadores por conta própria. Entre as atividades, houve expansão significativa do rendimento dos trabalhadores da indústria e da administração pública, defesa, seguridade social, educação, saúde humana e serviços sociais. Com o aumento do rendimento médio, a massa de rendimentos no país, estimada em R$ 293 bilhões, atingiu novamente o maior patamar da série histórica da pesquisa. Frente aos três meses anteriores, o aumento foi de 2,7%."
0;economia;"Dólar recua e fecha a R$ 5,04, na véspera de decisões de juros no Brasil e nos EUA. Ibovespa sobe."
0;economia;"A moeda norte-americana caiu 0,13%, cotada a R$ 5,0406. Já o principal índice acionário da bolsa brasileira encerrou em alta de 0,54%, aos 113.144 pontos."
0;economia;"O dólar fechou em queda terça-feira (31), após passar boa parte da sessão oscilando entre altas e baixas. Investidores seguiram na expectativa pelas decisões de política monetária do Federal Reserve (Fed, o banco central norte-americano) e do Banco Central do Brasil, ambas previstas para amanhã, além de continuarem atentos a eventuais sinalizações sobre o quadro fiscal brasileiro. Na agenda, os dados de inflação e o Produto Interno Bruto (PIB) da zona do euro também ficaram no radar. Já o Ibovespa, principal índice acionário da bolsa brasileira, a B3, encerrou o pregão em alta."
0;economia;"Ao final da sessão, a moeda norte-americana recuou 0,13%, cotada a R$ 5,0406. Além do cenário macroeconômico nacional e internacional, a volatilidade da moeda nesta terça também pode ser explicada por esta ser a última sessão do mês, quando acontece a disputa pela formação da Ptax de novembro (taxa de câmbio de referência calculada pelo Banco Central). Já o Ibovespa fechou em alta de 0,54%, aos 113.144 pontos. Na véspera, o índice fechou o pregão com queda de 0,68%, aos 112.532 pontos."
0;economia;"O principal destaque desta terça-feira (31) seguiu com as expectativas pelas decisões de juros do Fed e do BC brasileiro, ambas previstas para amanhã. A expectativa é que o BC norte-americano deixe os custos dos empréstimos inalterados, mas o principal foco dos investidores estará nas sinalizações feitas pela instituição sobre os próximos passos na política monetária da maior economia do mundo. Já por aqui, a estimativa dos analistas é que o Comitê de Política Monetária (Copom) reduza mais uma vez o juro básico do país (Selic), mantendo um ritmo cauteloso de afrouxamento monetário. Ainda no cenário doméstico, investidores também seguiram atentos a eventuais sinalizações sobre o quadro fiscal do país."
0;economia;"Balanços corporativos também ficaram no radar. Na agenda de indicadores, destaque para a Pesquisa Nacional por Amostra de Domicílios (Pnad) Contínua, divulgada nesta terça pelo Instituto Brasileiro de Geografia e Estatística (IBGE). O indicador mostrou que a taxa de desemprego do país caiu para 7,7% em setembro e que o Brasil registra um recorde histórico de trabalhadores ocupados. No exterior, as atenções ficaram voltadas para os novos dados de inflação e atividade da zona do euro. Nesta terça-feira, a Eurostat (serviço de estatística da União Europeia) informou que a inflação da região caiu para o seu nível mais baixo em dois anos em outubro, ajudando a consolidar a visão do mercado de que o Banco Central Europeu (BCE) não deve mais aumentar os juros. Já o PIB da zona do euro subiu 0,1% no terceiro trimestre em relação ao mesmo período do ano anterior. Em comparação aos três meses imediatamente anteriores, a queda foi de 0,1%."
0;economia;"Crise de combustíveis se agrava na Argentina, e governo ameaça interromper exportações." 
0;economia;"A crise dos combustíveis na Argentina se agravou nesta segunda-feira (30). Na capital do país, Buenos Aires, postos já estão sem gasolina ou com longas filas. A Argentina é uma grande produtora de petróleo e gás de "shale", mas vem sofrendo com a falta de gasolina e de diesel desde a semana passada. A situação ocorre em meio a problemas internos com o refino, além da escassez de dólares, o que atrasou as importações. Diante do cenário, o governo cogita interromper as exportações para preservar os estoques, e trabalhadores do setor ameaçam entrar em greve (veja mais abaixo). A crise tem prejudicado a imagem do governo antes do segundo turno da eleição presidencial, marcado para 19 de novembro. Na capital, repórteres da Reuters presenciaram postos de gasolina sem o produto e com placas avisando que não havia mais combustível. Em outros lugares, longas filas se formavam, e alguns estabelecimentos estavam fazendo racionamento das vendas."
0;economia;"Executivos de empresas petrolíferas afirmam que há greves sendo planejadas nas refinarias locais, que fornecem 80% do suprimento doméstico. De acordo com os representantes do setor, o fato de a nação ter poucas reservas internacionais de dólares tem dificultado as importações. Não é um problema de falta de petróleo. O problema é que não há mais capacidade de processamento com as refinarias que temos na Argentina", afirmou uma fonte da indústria, que pediu para não ser identificada. Para tentar diminuir a inflação, que está em quase 140% em termos anualizados, o governo argentino fixou o preço do petróleo em US$ 56 o barril, muito abaixo dos praticados no mercado internacional, de cerca de US$ 86 - decisão que distorce a lógica econômica das companhias que importam produtos do exterior. Durante o fim de semana, Massa disse às petrolíferas que elas precisam resolver o problema da demanda interna até o fim da terça-feira, ou o governo vai interromper as remessas de exportação de petróleo de xisto do grande campo de Vaca Muerta."
0;economia;"Preço do litro de leite ao produtor tem quinta queda consecutiva e chega a R$ 2, aponta USP de Piracicaba."
0;economia;"Consumo enfraquecido, aumento das importações e diminuição nos custos de produção explicam desvalorização do produto, iniciada em maio, dizem pesquisadoras do Cepea/Esalq-USP."
0;economia;"Com maior oferta de lácteos e consumo doméstico muito sensível ao preço, os estoques de derivados nas indústrias e canais de distribuição cresceram em setembro. Assim, os preços do UHT, da muçarela e do leite em pó fracionado negociados entre laticínios e canais de distribuição no estado de São Paulo caíram 6,3%, 2,3% e 4,2% frente a agosto. Esse resultado foi repassado ao produtor em setembro — e a expectativa do setor é de que o cenário de queda ainda se mantenha para o preço do leite cru captado em outubro, ainda que em menor intensidade, apontam as pesquisadoras. O preço médio do leite cru ao produtor seguiu em desvalorização, mesmo na entressafra, quando a expectativa é de alta nas cotações. O valor do litro do produto fechou em R$ 2,4142 na "Média Brasil" líquida em julho deste ano, um recuo de 5,69% na comparação com o mês anterior. A terceira queda consecutiva registrada em 2023."
0;economia;"Contudo, em 2023, as cotações seguem se comportando de maneira atípica, diante do consumo enfraquecido, do aumento de importações e da queda nos custos de produção. Esses fatores, combinados, têm engendrado o movimento de queda em toda a cadeia produtiva, observa a pesquisadora. Em setembro, mesmo diante da retração de 21,8% no volume importado pelo Brasil, as compras externas ainda foram elevadas. De janeiro a setembro de 2023, as importações somam 1,6 bilhão de litros em equivalente leite, quase o dobro (90,4%) do volume registrado no mesmo período do ano passado, apontam as pesquisadoras."
0;economia;"Imposto de Renda 2023: Receita paga lote residual de restituições nesta terça. Saiba se vai receber."
0;economia;"O pagamento será feito a quem caiu na malha fina na declaração nos últimos anos e regularizou a situação. Serão distribuídos R$ 643,3 milhões a 354,6 mil contribuintes. A Receita Federal começa a pagar nesta terça-feira (31) o lote residual de restituições do Imposto de Renda de Pessoa Física (IRPF) de outubro de 2023. Serão distribuídos aproximadamente R$ 643,3 milhões para 354.509 contribuintes. Os lotes residuais são os de contribuintes que caíram na malha fina do IR, mas depois regularizaram as pendências. Do total a ser restituído pelo Fisco, cerca de R$ 427,3 milhões serão pagos a contribuintes que têm prioridade no recebimento."
0;economia;"6.106 contribuintes idosos acima de 80 anos. 54.438 contribuintes idosos entre 60 e 79 anos. 6.491 contribuintes com alguma deficiência física ou mental ou moléstia grave. 16.874 contribuintes cuja maior fonte de renda seja o magistério. 119.040 contribuintes que receberam prioridade por terem utilizado a declaração pré-preenchida ou optado por receber a restituição via PIX."
0;economia;"Para saber se a restituição está disponível, o contribuinte deve acessar a página da Receita na internet e clicar na opção 'Meu Imposto de Renda'. Em seguida, basta clicar em 'Consultar a Restituição'. A página apresenta orientações e os canais de prestação do serviço, permitindo uma consulta simplificada ou uma consulta completa da situação da declaração, por meio do extrato de processamento, acessado no e-CAC."
0;economia;"O pagamento da restituição é realizado na conta bancária informada pelo contribuinte na declaração de Imposto de Renda, de forma direta ou por indicação de chave PIX. Vale lembrar que a conta precisa estar no nome do declarante, admitidas as exceções no caso de contribuinte falecido, menor de idade, incapaz ou com saída definitiva do país. Ao realizar consulta às restituições do IR, os contribuintes poderão saber se há alguma pendência em sua declaração que impeça o pagamento da restituição, ou seja, se ele caiu na chamada 'malha fina'. Para saber se está no grupo, os contribuintes também podem acessar o 'extrato' do Imposto de Renda no site da Receita Federal, no chamado e-CAC (Centro Virtual de Atendimento)."
0;economia;"Governo estima que rombo previdenciário deve dobrar até 2060, analistas veem necessidade de nova reforma no futuro."
0;economia;"Segundo o governo, a trajetória é estimada, fundamentalmente, por causa do 'acelerado processo de envelhecimento populacional no Brasil'. O déficit do Instituto Nacional do Seguro Social (INSS), sistema público que atende aos trabalhadores do setor privado, deve mais que dobrar até 2060 e quadruplicar até 2100, segundo estimativas da Secretaria do Regime Geral de Previdência Social do Ministério da Previdência Social. Os números constam na proposta da Lei de Diretrizes Orçamentárias de 2024, enviada pela área econômica ao Congresso Nacional em abril."
0;economia;"De acordo com o governo, o rombo previdenciário previsto para este ano é de R$ 276,9 bilhões, o equivalente a 2,6% do Produto Interno Bruto (PIB). A projeção é de que o resultado negativo avançará em 2060 para R$ 3,3 trilhões ou 5,9% do PIB e, em 2100, para R$ 25,22 trilhões - 10,4% do PIB. A comparação na proporção com o PIB é considerada mais apropriada por especialistas. Segundo o Ministério da Previdência, o aumento do rombo previdenciário, que é a diferença entre as receitas e as despesas do INSS, está relacionado com a alta de gastos estimada para as próximas décadas. A lógica é que, com o aumento da proporção de idosos no país no futuro, também cresçam as despesas com o pagamento de benefícios previdenciários — que não podem ser menores do que um salário mínimo."
0;economia;"Observa-se que um declínio da despesa em relação ao PIB nos próximos anos, porém, com retomada de crescimento a partir de 2029 e atingindo, em 2100, R$ 37,22 trilhões (15,36% do PIB). Tal trajetória é pautada, fundamentalmente, pelo acelerado processo de envelhecimento populacional no Brasil, informou o governo. De acordo com o especialista em Previdência Social, Paulo Tafner, economista do Instituto de Pesquisa Econômica e Aplicada (Ipea), o rombo previdenciário pode ser maior ainda do que o estimado, pois, em sua visão, o governo usou projeções otimistas para o crescimento do PIB. O aumento no rombo previdenciário, estimado pelo Ministério da Previdência Social, acontecerá apesar da reforma da Previdência Social feita em 2019 no primeiro ano do governo Jair Bolsonaro. Entre as mudanças, foi instituída uma idade mínima de aposentadoria de 62 anos para mulheres e de 65 anos para homens. Também foi definido um tempo mínimo de contribuição de 15 anos para mulheres e de 20 anos para homens."
0;economia;"No fim de 2022, a estimativa apontou que a economia de recursos proporcionada pela reforma da Previdência entre 2020 e 2022 pode ter chegado a R$ 156,1 bilhões, um valor 78,8% maior do que o esperado para o período na época em que o texto foi aprovado pelo Congresso (R$ 87,3 bilhões)."
0;economia;"Segundo o economista Paulo Tafner, as projeções para o rombo previdenciário mostram que será necessária uma nova reforma da Previdência Social nos próximos anos. 'Eu imagino que esse governo segura [sem fazer uma nova reforma]. No limite, se não no próximo governo, em 2026, o eleito em 2030 vai ter de fazer isso. Pois o déficit vai começar a escalar, ou ele governa ou paga Previdência.' Para ele, embora a reforma de 2019 seja a melhor já feita no sistema previdenciário e tenha de fato impedido déficits maiores nos últimos anos, ela está 'inacabada'. Ficaram pendentes vários pontos, que pressionam a despesa e o déficit. Com um agravante, agora a gente vai começar a acelerar a percentagem de idosos na população. Vai piorar muito, por isso que cresce o déficit. O consultor de Orçamento da Câmara dos Deputados, Leonardo Rolim, ex-presidente do INSS e ex-secretário de Previdência no governo Bolsonaro, concorda que será necessária uma nova reforma da Previdência Social no futuro. 'Imagino que na próxima década', acrescentou."
0;economia;"Arroz está 16% mais caro em 2023, diz pesquisa, saiba quais são os principais motivos da alta."
0;economia;Uma pesquisa da Associação Brasileira de Supermercados (Abras) mostra um grande aumento no preço do arroz em 2023. O pacote de 5kg já está chegando à casa dos R$ 30 - preço que não se via desde os tempos da pandemia. O aumento em um dos principais itens do prato do brasileiro passou dos 16% nos últimos doze meses. E as consequências são vistas nas prateleiras: em um mercado de Goiânia, as vendas caíram de 30 a 40% nas últimas duas semanas, de acordo com a gerência do estabelecimento. A tendência pode ser verificada em todo o país, de acordo com a pesquisa. O economista André Braz, da FGV Ibre, conta que dentre os motivos para o preço subir estão a redução da exportação e a entressafra.
0;economia;Primeiro, há uma redução do volume de exportações da Índia. Para proteger o mercado, eles reduziram o volume de exportação para que o preço na Índia caísse. Mas isso desabastece o mundo. A outra questão tem a ver com a entressafra. Estamos em um período de entressafra do arroz aqui no Brasil. Encontrar o grão está um pouco mais difícil, e as cotações também aumentam por conta disso. Outra razão para o preço alto foram as chuvas e os ciclones que atingiram o Rio Grande do Sul nos últimos meses. O estado é o maior produtor de arroz do país. Os temporais atrapalharam a colheita e atrasaram o plantio da próxima safra.
0;economia;O mercado financeiro reduz estimativa de inflação para 2023 e a eleva para o próximo ano.
0;economia;"Economistas do mercado também passaram a prever corte menor na taxa básica de juros no ano que vem. Números foram divulgados nesta segunda-feira (30) pelo BC. Os economistas do mercado financeiro reduziram a expectativa de inflação em 2023, que passou de 4,65% para 4,63%. A informação consta no relatório 'Focus', divulgado nesta segunda-feira (30) pelo Banco Central. O levantamento ouviu mais de 100 instituições financeiras, na semana passada, sobre as projeções para a economia. Com a queda, a estimativa dos analistas para a inflação de 2023 continuou abaixo do teto da meta definida pelo Conselho Monetário Nacional (CMN). A meta central de inflação é de 3,25% neste ano, e será considerada formalmente cumprida se o índice oscilar entre 1,75% e 4,75% neste ano. A última vez que a expectativa de inflação do mercado havia ficado dentro das metas fixadas para este ano havia sido em 15 de junho de 2022 (4,73%)."
0;economia; "O recuo na estimativa de inflação do mercado para este ano ocorreu após a divulgação do resultado da inflação oficial de setembro, que somou 0,26% e ficou abaixo, novamente, das projeções dos analistas. Se a projeção do mercado financeiro se confirmar, será interrompida uma sequência de dois anos de descumprimento da meta de inflação. Em 2021, o IPCA somou 10,06%. E, em 2022, a inflação somou 5,79%. Para 2024, a estimativa de inflação subiu de 3,87% para 3,90% na última semana. No próximo ano, a meta de inflação é de 3% e será considerada cumprida se oscilar entre 1,5% e 4,5%. Para definir a taxa básica de juros e tentar conter a alta dos preços, o BC já está mirando, neste momento, na meta do ano que vem. Quanto maior a inflação, menor é o poder de compra das pessoas, principalmente das que recebem salários menores. Isso, porque os preços dos produtos aumentam, sem que o salário acompanhe esse crescimento."
0;economia; "Sobre o resultado do Produto Interno Bruto (PIB) de 2023, o mercado financeiro reduziu a previsão de crescimento de 2,90% para 2,89%. O PIB é a soma de todos os bens e serviços produzidos no país. O indicador serve para medir a evolução da economia. Já para 2024, a previsão de crescimento da economia do mercado financeiro permaneceu inalterada em 1,50%. A previsão de um crescimento maior da economia acontece após o anúncio de que o Produto Interno Bruto (PIB) do segundo trimestre deste ano teve alta de 0,9%, bem acima das expectativas dos analistas."
0;economia; "Os economistas do mercado financeiro mantiveram as estimativas para a taxa básica de juros da economia brasileira para o final deste ano e de 2024. Atualmente, a taxa Selic está em 12,75% ao ano, após duas reduções seguidas promovidas pelo Banco Central. Para o fim de 2023, o mercado financeiro manteve a projeção para a taxa Selic em 11,75% ao ano. Para o fechamento de 2024, a projeção do mercado para o juro básico da economia subiu de 9% para 9,25% ao ano. Com isso, os analistas passaram a prever um corte de juros menor em 2024."
1;esportes; Final do mineiro de vôlei: Minas x Praia Clube.
1;esportes; "Manipulação: Fifa torna mundial a suspensão de Alef Manga, ex-Coritiba."
1;esportes;A Fifa tornou mundial a suspensão de 360 dias imposta pelo STJD ao atacante Alef Manga, que está emprestado pelo Coritiba ao Pafos, do Chipre. O jogador, de 28 anos, confessou participação em esquema de manipulação no futebol. A sanção começou a partir do dia 31 de julho. O Comitê Disciplinar da entidade máxima do futebol notificou o jogador, que agora não pode voltar a campo pelo seu clube. Manga fez seis jogos pelo Pafos, o último deles realizado no dia 23 deste mês, mais de dois meses depois da punição imposta no Brasil. Alef Manga foi suspenso por 360 dias e multado em R$ 30 mil no primeiro julgamento. A decisão foi ratificada no Pleno do STJD, no dia 28 de setembro, com aumento da multa para R$ 50 mil. O contrato de empréstimo ao Pafos prevê que o clube cipriota não precisa pagar pelo acordo caso o atacante fosse punido. Com a decisão da Fifa, tal cláusula deve ser acionada. O vínculo com o time do Chipre vai até junho do ano que vem. Alef Manga tem contrato com o Coritiba até o fim de 2024. Após a denúncia apresentada pelo MP-GO, o jogador foi afastado pelo Coritiba e depois emprestado. A última partida pelo clube paranaense foi contra o América-MG, no Couto Pereira, pela 14ª rodada do Brasileirão.
1;esportes;Calendário do futebol brasileiro de 2024, veja as datas.
1;esportes;Brasileirão não vai parar durante a disputa da Copa América, de 20 de junho a 14 de julho. A CBF anunciou nesta terça-feira o calendário de competições para 2024. Medidas adotadas em 2023 serão mantidas, como a paralisação nas datas Fifa e as finais da Copa do Brasil em dois domingos. No entanto, o Brasileirão seguirá normalmente durante a Copa América, de 20 de junho a 14 de julho. Quem for convocado perderá nove rodadas do torneio. O Campeonato Brasileiro começa no dia 14 de abril e termina no dia 8 de dezembro, um domingo. Uma novidade será a realização de um jogo de abertura do torneio. Será uma grande festa para celebrar o início do campeonato, que é o mais disputado do mundo. A CBF seguirá trabalhando na nossa gestão para tornar cada vez mais as competições rentáveis para os clubes e empolgantes para os torcedores brasileiros - disse o presidente da CBF, Ednaldo Rodrigues. Os campeonatos estaduais continuam a ter 16 datas, como nos últimos anos. Eles começam em 21 de janeiro e irão até 7 de abril. A Supercopa do Brasil será disputada em jogo único no dia 3 de fevereiro.
1;esportes;"Veja fotos do gramado do Maracanã a quatro dias da final da Libertadores Boca x Fluminense."
1;esportes;"Sem jogo há mais de uma semana, campo aparenta melhores condições para a decisão de sábado. A quatro dias da grande final da Conmebol Libertadores, entre Boca Juniors e Fluminense, o gramado do Maracanã já aparenta boas condições para a decisão do próximo sábado, às 17h (de Brasília). O ge teve acesso a fotos desta terça-feira do campo. O trabalho de recuperação do gramado para a final da Libertadores começou antes mesmo do fechamento do estádio. A recuperação feita para a primeira partida de final da Copa do Brasil já englobava o planejamento da recuperação visando o jogo entre Boca Juniors x Fluminense. Já são cerca de 46 dias de trabalhos diários para que o gramado esteja na melhor condição no sábado, dia 04 de novembro. Um ponto considerado positivo foi a redução de partidas. Apenas sete partidas foram realizadas em 46 dias. A recuperação do gramado segue o planejamento da Gestão Maracanã, formada pela dupla Fla-Flu que administra o estádio. A Conmebol esteve presente nas últimas semanas. Até sábado a previsão é de pequenos reparos sejam feitos, entre eles o corte da grama e as marcações."
1;esportes;"Copa do Mundo 2034: presidente da Fifa coloca Arábia Saudita como sede."
1;esportes;"Gianni Infantino usa redes sociais para celebrar próximas três edições do torneio, em 10 países diferentes: Futebol verdadeiramente global. A Arábia Saudita será a sede da Copa do Mundo 2034. Quem disse foi o próprio presidente da Fifa, Gianni Infantino, em publicação nas redes sociais. O dirigente celebrou as próximas três edições do Mundial, que terão partidas em 10 países diferentes, e citou a nação asiática, que é candidata única para receber a competição daqui 11 anos. O MAIOR SHOW DA TERRA será organizado pelo Canadá, México e Estados Unidos em 2026 na América do Norte. As duas edições da Copa do Mundo FIFA seguintes devem ser sediadas na África (Marrocos) e na Europa (Portugal e Espanha) com três partidas comemorativas disputadas na América do Sul (Argentina, Paraguai e Uruguai) em 2030 e na Ásia (Arábia Saudita) em 2034, publicou Infantino. O anúncio de Infantino ocorre horas depois que a Fifa anunciou o encerramento do processo para concorrência das sedes das Copas de 2030 e 2034. No comunicado, a entidade não trata as candidaturas como vencedoras, mas apenas como únicas postulantes. As decisões só serão oficiais no próximo Congresso da Fifa, em maio do ano que vem, na Tailândia. Porém, os países concorrentes foram tratados por Gianni Infantino como sedes dos Mundiais. A única nação que cogitou concorrer com os sauditas pela Copa do Mundo 2034 foi a Austrália, que se retirou do processo. Infantino celebrou o fato de que as próximas três edições da Copa do Mundo serão em 10 países, de cinco continentes diferentes."
1;esportes;O futebol une o mundo como nenhum outro esporte, e a Copa do Mundo da FIFA é a vitrine perfeita para uma mensagem de unidade e inclusão, além de fornecer uma ilustração importante de como diferentes culturas podem estar juntas e aprender e compreender-se melhor – disse o dirigente. A partir do próximo Mundial, e portanto também em 2030 e 2034, o torneio passará a contar com 48 seleções, que serão divididas em 12 grupos de quatro equipes cada. Os dois primeiros de cada chave e os oito melhores terceiros colocados avançam para a fase eliminatória. A partir daí, os 32 classificados se enfrentam em mata-mata até a final.
1;esportes; "A NBA exibe o design das quadras para a Copa. Vote na sua favorita."
1;esportes; "O design das quadras para o torneio de meio da temporada foi anunciado pela NBA. A competição envolve as 30 equipes da liga e terá início em 3 de novembro. As franquias serão divididas em seis grupos, com os confrontos definidos por sorteio baseado na campanha anterior. Os jogos serão realizados às terças e sextas entre 3 e 28 de novembro. Os vencedores de cada grupo e o melhor segundo colocado avançam para as quartas-de-final. As semifinais acontecem no dia 7 de novembro, e a grande final será em 9 de novembro, todos os jogos em Las Vegas. Após a final, serão eleitos o MVP da Copa NBA e o time da competição. Os jogadores dos times classificados para os playoffs votarão nas premiações."
1;esportes; "LeBron James impressiona com sua decolagem e é decisivo no reencontro com Kevin Durant."
1;esportes;Os Lakers viraram e venceram o Phoenix Suns por 100 a 95 com show de atuação de LeBron James com salto impressionante. Qual a altura do seu salto? O de LeBron James viralizou no momento em que pula para realizar a cesta. O astro da NBA roubou a cena e foi o principal destaque na vitória dos Lakers contra o Phoenix Suns por 100 a 95. Jogo que também marcou o reencontro de LeBron com Durant. Os Lakers estavam perdendo por 12 pontos até o início do quarto quarto. O treinador manteve LeBron James todo o último período, o que acabou decidindo a vitória. O jogador fez 21 pontos, deu nove assistências e apanhou oito rebotes nos 35 minutos em que esteve em quadra. Eu sei o quanto eu trabalho para conseguir jogar um quarto inteiro, meio quarto ou o que o time precisar. O jogo desta noite exigiu que eu saísse um pouco desse plano - declarou LeBron. Mais um fato importante dessa partida: esse foi o reencontro e primeiro confronto de LeBron com Durant, desde 2018. Kevin fechou a partida com 39 pontos e 11 rebotes. LeBron James também chegou a marca de 845 arremessos feitos em sua carreira, esse é, até o momento, o maior número da história da NBA.
1;esportes;A NBA anunciou a Copa que será disputada durante a temporada regular.
1;esportes;A NBA anunciou um novo torneio que será disputado durante a temporada regular: a Copa NBA. O torneio terá início no dia 3 de novembro, com semifinais e final sendo disputadas em Las Vegas nos dias 7 e 9 de dezembro, respectivamente. Todas as partidas, exceto a final, também contarão na classificação geral da liga. As franquias serão divididas em seis grupos de cinco, três em cada conferência. O chaveamento será definido por sorteio baseado na campanha das equipes na temporada anterior. Serão quatro partidas dentro dos grupos, cada time enfrentando os outros rivais, duas vezes em casa e duas fora. Os jogos da Copa serão realizadas às terças e sextas entre o dia 3 e 28 de novembro. Os vencedores de cada grupo e o melhor segundo colocado avançam para as quartas-de-final, que serão realizadas em jogo único nos dias 4 e 5 de novembro na casa do time de melhor campanha. As semifinais acontecem dia 7 e a grande decisão dia 9, todos os três jogos em Vegas. Após a final, serão eleitos o MVP da Copa NBA, além do time da competição. Os jogadores dos times que se classificarem para os jogos do mata-mata serão os eleitores das premiações.
1;esportes;F1: Verstappen celebra novo recorde de vitórias em uma temporada.
1;esportes;Com triunfo no GP do México, holandês chega à 16ª vitória na F1 2023 e amplia a própria marca estabelecida em 2022: "O carro tem sido incrível de dirigir". Após saltar do terceiro para o primeiro lugar ainda na largada do GP do México, Max Verstappen fez uma corrida sem grandes ameaças e venceu mais uma no ano. Com o triunfo no Hermanos Rodríguez, o tricampeão chegou à 16ª vitória em 19 etapas da Fórmula 1 2023, ampliando a própria marca de mais vitórias em uma única temporada. O holandês comemorou a nova quebra do recorde e detalhou a estratégia da RBR. O carro tem sido incrível de dirigir na maioria dos lugares. Claro que estou muito orgulhoso. Depois do ano passado, quando ganhei 15, pensei "bem, se um dia eu conseguir replicar algo assim, eu seria muito feliz". Agora estamos aqui com 16. Muito feliz com a performance de todos nos time durante todo o ano, basicamente não cometendo muitos erros - celebrou Max. O número também representa a maior porcentagem de triunfos em um único ano: 84,21%. Alberto Ascari, que venceu seis das oito corridas da Fórmula 1 em 1952 (75%), é o segundo no quesito. No México, a RBR inicialmente apostou em uma corrida de duas paradas, antecipando o primeiro pit stop do holandês para a volta 20, a fornecedora de pneus da F1 divulgou que um único pit stop era possível.
1;esportes;O holandês foi novamente aos boxes na volta 35, em meio ao safety car causado pela colisão de Kevin Magnussen. Todo o grid ganhou uma parada gratuita nos instantes seguintes, quando a direção de prova acionou a bandeira vermelha. Acho que a largada definitivamente facilitou para mim no primeiro stint, também porque eu ia fazer uma corrida de duas paradas. Isso, é claro, me deu alguns segundos extras que teriam ficado ótimos se tivéssemos feito (a estratégia original) acontecer. Teria sido interessante ver, no fim, quão mais rápido eu poderia ter ido no novo jogo de pneus duros, mas acho que a estratégia parecia ótima. Então é claro, tivemos a bandeira vermelha, então poderíamos jogar tudo que tínhamos feito fora e começar de novo. Foi questão de ter uma boa relargada e tentar manter a liderança na curva 1, o que fizemos. Depois disso, foi apenas gerenciamento do ritmo até o fim para manter os pneus vivos. A equipe taurina viveu um dia de opostos com a vitória de Verstappen e o abandono precoce de Sergio Pérez ainda na largada. Enquanto Max vinha por dentro, o mexicano da RBR cercou Charles Leclerc por fora e acabou sofrendo um toque da Ferrari, que deu fim à prova.
1;esportes;A próxima corrida da F1 2023, o GP de São Paulo, está agendada para o dia 12 de novembro.
1;esportes;A etapa no Autódromo de Interlagos, no Brasil, será a 20ª das 22 que ainda restam na temporada. A edição passada da corrida marcou a primeira vitória da carreira de Russell, da Mercedes. Enfim, chegou a data da corrida mais esperada de toda a temporada da F1 para o público brasileiro: o GP de São Paulo, no Autódromo de Interlagos, já no próximo fim de semana. Prevista para 3 a 5 de novembro, a prova encerra a rodada tripla pelas Américas iniciada com o GP dos Estados Unidos. Ela receberá como seu atual vencedor George Russell, da Mercedes. Em 2022, ele conquistou o primeiro triunfo de sua carreira no circuito paulista. Interlagos sediará sua 41ª corrida da F1 e a 40ª oficial, já que a edição de 1972 foi considerada extracampeonato.
1;esportes;A pista tem como maior vencedor Michael Schumacher, com quatro triunfos. Do atual grid, Lewis Hamilton é quem detém mais conquistas: três. A pista tem sido dominada pela equipe do britânico heptacampeão, a Mercedes, que venceu nas últimas quatro edições do GP brasileiro. O fim de semana terá, ainda, a sexta e última corrida sprint da temporada. O formato foi introduzido em 2021 para tornar as etapas mais atrativas desde o primeiro dia e concede oito pontos extras aos oito melhores colocados. Em 2022, a Mercedes interrompeu uma sequência de nove vitórias da RBR iniciada no GP da França. George Russell largou da pole position, conquistada com o primeiro lugar na corrida sprint de sábado, e manejou a vantagem na ponta para obter seu primeiro triunfo da carreira. O resultado veio com uma dobradinha com Lewis Hamilton, segundo.
1;esportes;Lutador tenta uma finalização, se atrapalha e acaba finalizando a si mesmo.
1;esportes;No evento de parceria entre Fight Music Show e WGP, Luiz Cláudio buscou uma chave de pé, mas errou a técnica e se lesionou contra Yabna T'Chala. A intenção de uma posição de finalização no MMA ou jiu-jítsu é fazer o adversário bater em desistência, ao sentir que não pode escapar. No último domingo, porém, um lutador conseguiu finalizar a si próprio numa luta de MMA ao errar uma técnica. Foi no FMS Fight Night 2 Powered By WGP Studio 3, evento em parceria entre o Fight Music Show e o WGP Kickboxing em Curitiba. Ainda no card preliminar, um confronto colocou frente a frente Luiz Claudio "Luizinho" e Yabna "T'Challa", em peso-casado de 68kg. A luta parecia estar à feição de Luizinho quando, ainda no primeiro round, ele derrubou Yabna e atacou uma chave de perna. Porém, o feitiço virou contra o feiticeiro, e Yabna nem precisou fazer muita coisa. Luizinho acabou prendendo o pé embaixo da perna do adversário e girou para o lado errado. Com isso, forçou o joelho esquerdo. Yabna nem precisou fazer muita força. Luiz Cláudio acabou batendo em desistência com 1min54s de luta.
1;esportes;O grande destaque do evento foi o GP peso-meio-médio de kickboxing. O campeão foi Dioginis Overeem, que venceu Otacilio Cena por decisão dividida na final.
1;esportes;Ouro e prata no skate olímpico, Keegan Palmer e Pedro Barros se enfrentam em desafio em Floripa.
1;esportes;Skatistas farão times em desafio que acontece no RTMF Bowl do Rio Tavares, em Florianópolis. Dois anos após disputarem as finais do skate park nas Olimpíadas de Tóquio e ficarem com o ouro e a prata, respectivamente, o australiano Keegan Palmer e o catarinense Pedro Barros se encontram novamente, mas para um desafio diferente. Entre os dias 3 e 5 de novembro, a capital de Santa Catarina, Florianópolis, vai receber diversos skatistas para uma competição entre amigos, contando com dois times, um de cada medalhista.
1;esportes;Equipes que também protagonizam grande rivalidade no cenário nacional disputam mais um caneco da competição de MG. Praia Clube e Minas decidem o título do Mineiro de vôlei feminino pelo décimo ano seguido. Com duas vitórias para cada lado na edição de 2023, a partida entre as equipes nesta terça-feira vale o título da competição. O confronto será na Arena BH, às 20h. Finalistas das últimas quatro edições da Superliga feminina, os times decidem o título do estadual desde 2013. O histórico é bem equilibrado. De lá para cá, o Praia Clube levou a melhor cinco vezes contra quatro do Minas, atual campeão. A última vez que o time de Uberlândia venceu a competição foi em 2021.
1;esportes;O Praia chega à decisão depois de vencer o Brasília por 3 sets a 0 na primeira rodada e o Mackenzie por 3 sets a 0 no jogo de segunda-feira. O Minas estreou com vitória sobre o Mackenzie por 3 sets a 1 e, na sequência, venceu o Brasília também por 3 sets a 1. As equipes iniciam a temporada 2023/2024 em contextos bem diferentes em relação ao elenco. Depois de conquistar o título da Superliga feminina e do Sul-Americano na temporada passada, ambos contra o rival Minas, o Praia Clube reformulou mais de 70% do elenco. A levantadora Claudinha, a ponteira Kasiely, a oposta Tainara e a líbero Suelen são as únicas remanescentes além da comissão técnica liderada pelo treinador Paulo Coco. O time de Uberlândia fez onze contratações para a atual temporada. Do outro lado, o Minas renovou com 11 atletas e trouxe alguns reforços pontuais.
1;esportes;Ledecky garante hexa inédito e bate recorde de Michael Phelps em Mundiais.
1;esportes;Americana brilha em Fukuoka, vence 800m livre pela sexta vez consecutiva e chega a 16 medalhas de ouro individuais em Campeonatos Mundiais, superando a lenda Michael Phelps. A americana Katie Ledecky escreveu mais um capítulo da história da natação neste sábado, no Campeonato Mundial de Esportes Aquáticos em Fukuoka, Japão. Ao vencer os 800m livre com o tempo de 8min08s87, ela se tornou a primeira hexacampeã do esporte e a recordista de ouros individuais na competição, com 16, superando a lenda Michael Phelps, seu compatriota, dono de 15.
1;esportes;Ledecky chega ao sexto título consecutivo nos 800m livre, após ser campeã da prova nos mundiais de Barcelona 2013, Kazan 2015, Budapeste 2017, Gwangju 2019 e Budapeste 2022. No total, a americana tem 26 medalhas em campeonatos mundiais, sendo 21 de ouro (16 individuais e cinco em revezamentos) e cinco de prata (três individuais e duas em revezamentos). Na terça-feira, Ledecky conquistou sua primeira medalha em Fukuoka, o ouro nos 1500m.
1;esportes;A americana dominou a final deste sábado e assumiu a ponta já nos primeiros metros, abrindo uma distância confortável sobre a australiana Ariarne Titmus e a chinesa Bingjie Li. Ledecky nadou a primeira metade da prova à frente da linha do recorde mundial e fechou os 400m em 4min01s92. O domínio se manteve na parte final da disputa e a americana bateu em primeiro com 8min08s87, à frente de Li, com 8min13s31, e Titmus, com 8min13s59. Sarah Sjostrom quebra recorde mundial 12 minutos após ouro. A sueca Sarah Sjostrom quebrou seu próprio recorde mundial nos 50m livre ao nadar 23s61s - a marca anterior era de 23s67, estabelecida no Campeonato Mundial de Budapeste em 2017. O feito aconteceu ainda na semifinal, apenas 12 minutos depois de a sueca ter conquistado o ouro nos 50m borboleta.
2;cinema;O filme 'Mussum - O Filme' diverte e emociona ao contar a história do popular trapalhão.
2;cinema;Ailton Graça é o grande destaque como o personagem-título. O primeiro filme de Silvio Guindane como diretor foi o grande vencedor do Festival de Gramado com seis Kikitos. Da atual onda de cinebiografias dos últimos anos, "Mussum - O Filme" se revela como uma das melhores. O longa, com estreia nesta quinta-feira (2), não tem novidades na forma de contar sua história. Mas compensa isso com um ótimo trabalho de todos no projeto: a equipe busca entender e reverenciar o homem por trás do popular cantor e humorista, sem parecer apelativo ou chapa branca.
2;cinema;Inspirado no livro "Mussum – Uma História de Humor e Samba", de Juliano Barreto, o roteiro é dividido em três etapas. A primeira mostra a infância pobre de Antonio Carlos Bernardes Gomes, quando ainda era Carlinhos (vivido por Thawan Lucas Bandeira) e vivia com sua mãe, Dona Malvina (Cacau Protásio). Ainda criança, ele já mostrava aptidão para a música (embora quisesse ser jogador de futebol), apesar da desaprovação da mãe.
2;cinema;O filme mostra como ele chamou a atenção de outros humoristas, como Chico Anysio (Vanderlei Bernardino), que o convida para participar da "Escolinha do Professor Raimundo", na década de 1970. Mais tarde, Renato Aragão (Gero Camilo) o contrata para fazer parte dos Trapalhões, que ainda incluiria Dedé Santana (Felipe Rocha) e Mauro Gonçalves (Gustavo Nader). Com o programa humorístico, a carreira de Mussum decola de vez, e ele fica mais envolvido com a TV e o cinema, mesmo querendo manter a parceria com os Originais do Samba. Na trama do filme, isso o leva a ter conflitos com várias pessoas, incluindo um dos integrantes do grupo, Bigode (Angelo Fernandes/Édio Nunes). O sucesso o leva ainda a se aproximar ainda mais com sua escola de samba do coração, a Mangueira. Um bom exemplo é o simbolismo que ele cria ao colocar o personagem, ainda criança, em cima de um muro em que precisa decidir se cai para o lado do samba ou se joga para onde está sua mãe, que o quer longe desse mundo.
2;cinema;O roteiro assinado por Paulo Cursino é bem construído e com bons diálogos entre os personagens. A narrativa não é inovadora, mas entrega o que é esperado de uma boa cinebiografia. Nesse ponto, faz lembrar a recente "Nosso sonho", sobre a dupla Claudinho & Buchecha. A simplicidade para se contar uma história às vezes é o suficiente. Não foi por acaso que um dos seis Kikitos que o longa ganhou no Festival de Gramado de 2023 foi o de Menção Honrosa pela caracterização feita por Martin Macias Trujillo. Esses momentos são tão bem filmados, que é uma pena que sejam tão poucos.
2;cinema;"Five Nights at Freddy's" acerta ao recriar suspense do jogo, mas apela para sustos fáceis.
2;cinema;O filme inspirado no jogo é da mesma produtora de 'M3gan' e da recente trilogia de 'Halloween'. Bonecos mecânicos do estúdio criador dos Muppets estão entre os destaques do filme. A saga de adaptar games de sucesso para o cinema continua em Hollywood. Depois de levar jogos de aventura (Uncharted) e de corrida (Gran Turismo), a aposta da vez é o game de terror Five Nights at Freddy's, popular entre pré-adolescentes desde o lançamento em 2014. A ideia aqui é se sair bem nas bilheteiras, como aconteceu com Super Mario Bros - O Filme. Five Nights at Freddy's - O Pesadelo Sem Fim chega aos cinemas nesta quinta-feira (26). O filme é produzido por Jason Blum, o chefe da Blumhouse, responsável por sucessos do terror atual como M3gan e a mais recente trilogia de Halloween. O filme ganha pontos por conseguir recriar o clima de tensão, bizarrice e suspense do jogo, mas falha em apresentar boas cenas de terror devido a sustos fáceis.
2;cinema;O mérito é da equipe de animadores, que fazem parte do Jim Henson Studio, conhecido por ter criado os Muppets e personagens de "O Cristal Encantado" e da "Família Dinossauros". Freddy (um urso), Chica (uma ave), Cupcake (um doce) e Bonnie (uma coelha) convencem bem mais em cena por se parecerem mais "reais" do que se fossem feitos por computação gráfica. A pouco conhecida diretora Emma Tammi busca não criar cenas muito chocantes, porque o projeto é voltado para o público infanto-juvenil. Sem querer assustar os mais jovens, desiste de desenvolver os elementos de terror. A aposta são nos famigerados "jump scares": sustos fáceis e até previsíveis.
2;cinema;"Em 'O assassino', David Fincher eleva roteiro careta com papel perfeito para Michael Fassbender."
2;cinema;"David Fincher é daqueles diretores que buscam sempre algo diferente. Em 'O assassino', o cineasta conhecido por obras como 'Clube da luta' (1999) e 'O curioso caso de Benjamin Button' (2008) abraça o desafio de realizar um ótimo filme a partir do roteiro mais careta de sua carreira – e faz parecer fácil. Não é qualquer um que pegaria a narrativa cansada do matador frio e vingativo, contada desde tempos imemoriais, e injetaria nela estilo e beleza suficiente para fazer deste subgênero cansado algo verdadeiramente seu. Com um protagonista que parece ter sido feito sob encomenda para o charme meio esnobe, meio perigoso de Michael Fassbender ('X-Men: Fênix Negra'), o filme que estreia nesta quinta-feira (26) nos cinemas brasileiros – e dia 10 na Netflix – prova que acredita no slogan que ilustra seus pôsteres."
2;cinema;"Escrito por Andrew Kevin Walker (que trabalhou com Fincher em 'Seven'), o roteiro de 'O assassino' se baseia na HQ francesa homônima de Matz e Luc Jacamon – e escolhe um caminho tão óbvio que nem dá pra considerar uma adaptação. As duas obras acompanham matadores profissionais acostumados ao isolamento da carreira que precisam lidar com os próprios contratantes depois de um trabalho fracassado. Uma pena que o começo delicioso do filme não mantenha as expectativas que cria. A primeira parte dedica longos minutos aos diálogos internos do protagonista (Fassbender), enquanto passa dias à espera de um alvo."
2;cinema;"Dá até a esperança de um filme inteiro com as opiniões e a ética pessoal do personagem, tão desligado da crueldade de suas ações. Infelizmente, com exceção de alguns poucos vislumbres da visão distorcida do assassino, o otimismo não dura. O diretor segura a tensão mesmo com uma trama previsível ao apostar em silêncios e em expectativas adiadas ao máximo, bem perto de estourar o limite. Uma aula de ritmo e de controle de um dos melhores em atividade."
2;cinema;"Assassinos da lua das flores" só não é melhor que a grande atuação da revelação Lily Gladstone."
2;cinema;"Atriz eclipsa encontro do diretor Martin Scorsese com Leonardo DiCaprio e Robert De Niro, seus atores favoritos, em filme sobre relação dos EUA com povos indígenas que estreia nesta quinta. O filme que estreia nesta quinta-feira (19) nos cinemas brasileiros é o encontro entre um dos maiores diretores vivos, Martin Scorsese, e seus atores favoritos, Robert De Niro e Leonardo DiCaprio. Mesmo assim, quem eclipsa este grande momento é a americana de 37 anos, com um trabalho tão contido quanto poderoso, que justifica a devoção complexa do protagonista."
2;cinema;"Baseado no livro 'Assassinos da lua das flores: Petróleo, morte e a origem do FBI', de David Grann, o filme conta a história real da série de assassinatos de membros da tribo Osage nos EUA no começo do século 20. No centro dela, o casal formado pelo protagonista limitado interpretado por DiCaprio e a Osage vivida por Gladstone, herdeira de terras ricas em petróleo, e o poderoso tio do rapaz (De Niro)."
2;cinema;"3h30 até parece muito, em especial em uma época em que a maior parte do público está tão viciada nos celulares que até em sessão para a imprensa tenha quem atrapalhe os colegas para checar mensagens. Mas, nas mãos do cineasta, cada minuto é usado a favor da tensão e da trama. Ao final, o habitual cansaço de filmes tão longos dá lugar à vontade curiosa de passar mais um tempinho com a realidade construída por ele — e, em especial, seus personagens."
2;cinema;"Alguém até poderia suspeitar que a construção dos personagens ajuda. O de DiCaprio, por exemplo, aparece a maior parte do tempo como um seguidor de ordens limitado, cujas ambições nunca passam das mais básicas. Já De Niro desfruta de um vilão mais complicado, com carne suficiente para que o público realmente abocanhe suas complexidades. Só que a atriz entrega uma Molly quieta e sutil, coberta sempre de uma aura de força e compaixão, capaz de transmitir emoções que carregam um fenômeno da natureza com um rápido e simples olhar."
2;cinema;"Assassinos da lua das flores" é um pouco disso. Um filme muito, muito longo, mas que nunca passa a sensação de maratona.
2;cinema;Michael Caine, ator britânico e vencedor do Oscar por duas vezes, anunciou que se aposentará, aos 90 anos, após o lançamento de seu último filme. "Eu vivo dizendo que vou me aposentar. Bem, agora vou mesmo", disse Caine à rádio BBC em entrevista transmitida nesse sábado.
2;cinema; "Eu percebi que atuei em um filme em que fui o protagonista e tive críticas incríveis... O que posso fazer que superará isso." Caine estrela "The Great Escaper" ao lado de Glenda Jackson, que faleceu em junho logo após concluir sua participação. O filme é baseado na história real de um veterano da Segunda Guerra Mundial que escapa de uma casa de repouso para participar das comemorações do Dia D na França.
2;cinema; "Som da Liberdade" já levou 1,7 milhão de pessoas aos cinemas em 3 semanas e lidera bilheteria.
2;cinema; "Som da Liberdade", filme que se tornou um fenômeno controverso nas bilheterias americanas, acumulou um público de 1,7 milhão desde o seu terceiro fim de semana de exibição no Brasil. Ao todo, a renda acumulada pelo filme é de R$ 30,6 milhões.
2;cinema; No total, os dez filmes mais vistos no período somaram R$ 28 milhões e levaram 1,3 milhão de pessoas aos cinemas. Os dados são da ComScore e referentes ao período entre os dias 5 e 8 de outubro de 2023.
2;cinema; 'Jogos Mortais X' retoma elementos clássicos da franquia com mais drama e menos terror.
2;cinema;Depois de uma fracassada tentativa de dar novos ares para a franquia "Jogos Mortais" com "Espiral - O Legado de Jogos Mortais" (2021), os produtores resolveram fazer mais ou menos como fizeram com os "Transformers". A ideia é voltar no tempo para utilizar personagens e elementos que se consagraram entre os fãs de terror. Assim, chega aos cinemas nessa quinta-feira (28) "Jogos Mortais X". O filme traz de volta o serial Killer Jigsaw (Tobin Bell) em mais uma história com armadilhas elaboradas, questões éticas e muito sangue e tripas jorrando na tela. Tudo é do jeito que os devotos da série iniciada por James Wan (de volta como produtor executivo) em 2004.
2;cinema;O novo filme é mais dramático e menos espalhafatoso, algo que já estava começando a incomodar nos últimos capítulos, como "Jogos Mortais: Jigsaw" (2017) ou "Jogos Mortais: O Final" (2010). Mesmo assim, há alguns pecados no desenvolver de sua história que comprometem uma premissa até que interessante.
2;cinema; 'Vingadores: Ultimato' bate 'Avatar' e se torna a maior bilheteria de todos os tempos, diz Marvel.
2;cinema; "Vingadores: Ultimato" superou "Avatar" e se tornou o filme com maior sucesso de bilheteira da história sem levar em conta a inflação, anunciou neste sábado (20) a Marvel Studios na Comic-Con, nos Estados Unidos. "Avatar" (2009) ostentava até agora o recorde de filme com maior sucesso de bilheteira da história, sem levar em conta a variação de preços, com uma marca de US$ 2,788 bilhões de arrecadação, segundo os registros do portal especializado Box Office Mojo.
2;cinema;"Vingadores: Ultimato", que encerra um ciclo de 22 filmes do universo cinematográfico Marvel (MCU) que por uma década juntou super-heróis como Homem de Ferro, Capitão América, Thor, Viúva Negra, Hulk e Gavião Arqueiro, voltou a ser exibido com cenas extras em cerca de 1.400 salas dos EUA, após estrear em 26 de abril. "Vingadores: Ultimato" já tinha batido o recorde da maior estreia da história graças ao US$ 1,224 bilhão que conseguiu no seu lançamento (inclui o fim de semana e os dias anteriores de pré-estreias e ingressos adiantados).